ال,the
يكون,be
و,and
من,of/from
في,in
يملك,have
أنت,you
هو,he
هم,they
لا,not/no
الذي,that
نحن,we
على,on
مع,with
هذا,this
أنا,I
يفعل,do
كما,as
هي,she
لكن,but
بواسطة,by
سوف,will/would
أو,or
يقول,say
يذهب,go
لذلك,so
كل,all/each
إذا,if
واحد,one
عن,about
يستطيع,can
الذي,which
هناك,there
يعرف,know
أكثر,more
يحصل على,get
يحب,like
عندما,when
يفكر,think
يصنع,make
وقت,time
يرى,see
ماذا,what
أعلى,up
بعض,some
آخر,other
خارج,out
جيد,good
الناس,people
سنة,year
يأخذ,take
حسنًا,well
لأن,because
جداً,very
فقط,just
يأتي,come
استطاع,could
عمل,work
يستخدم,use
الآن,now
ثم,then
أيضًا,also
داخل,into
ينظر,look
يريد,want
يعطي,give
أولاً,first
جديد,new
طريق,way
يجد,find
زيادة,over
أي,any
بعد,after
يوم,day
أين,where
شيء,thing
معظم,most
يجب,should
يحتاج,need
كثيراً,much
يمين,right
كيف,how
خلف,back
يقصد,mean
حتى,even
يمكن,may
هنا,here
كثير,many
هذه,such
طفل,child
يخبر,tell
حقًا,really
يتصل,call
قبل,before
شركة,company
خلال,through
تحت,down
يعرض,show
حياة,life
رجل,man
يتغير,change
مكان,place
طويل,long
بين,between
يشعر,feel
أيضاً,too
ما زال,still
مشكلة,problem
يكتب,write
نفس,same
عظيم,great
يحاول,try
يترك,leave
رقم,number
كلاهما,both
ملك,own
جزء,part
نقطة,point
قليل,little
يساعد,help
بسأل,ask
يقابل,meet
يبدأ,start
يتحدث,talk
شئ ما,something
يضع,put
يصبح,become
اهتمام,interest
دولة,country
قديم,old
مدرسة,school
متأخر,late
عالي,high
مختلف,different
التالي,next
نهاية,end
يعيش,live
لماذا,why
بينما,while
عالم,world
أسبوع,week
يلعب,play
قد,might
بيت,home
أبداً,never
يشمل,include
دورة,course
منزل,house
تقرير,report
مجموعة,group
قضية,case
امرأة,woman
حول,around
كتاب,book
عائلة,family
يبدو,seem
مرة أخرى,again
عطوف,kind
يحفظ,keep
يسمع,hear
نظام,system
سؤال,question
دائماً,always
كبير,big
تعيين,set
صغير,small
يذاكر,study
يتبع,follow
مهم,important
منذ,since
يجري,run
دور,turn
عدد قليل,few
يحضر,bring
مبكر,early
يُسلِّم,hand
ولاية,state
يتحرك,move
مال,money
حقيقة,fact
منطقة,area
يمد,provide
اسم,name
يقرأ,read
صديق,friend
شهر,month
بدون,without
معلومة,information
يفتح,open
طلب,order
حكومة,government
كلمة,word
سوق,market
يدفع,pay
يبني,build
يمسك,hold
خدمة,service
ضد,against
يعتقد,believe
ثانية,second
رغم ذلك,though
نعم,yes
حب,love
يزيد,increase
وظيفة,job
يخطط,plan
نتيجة,result
بعيد,away
مثال,example
يحدث,happen
شاب,young
يغلق,close
برنامج,program
يقود,lead
يشتري,buy
يفهم,understand
شكر,thank
اليوم,today
ساعة,hour
طالب,student
وجه,face
يأمل,hope
فكرة,idea
يكلف,cost
أقل,less
غرفة,room
سبب,reason
استمارة,form
ينفق,spend
رأس,head
سيارة,car
يتعلم,learn
مستوى,level
شخص,person
خبرة,experience
مرة واحدة,once
عضو,member
كافٍ,enough
سيء,bad
مدينة,city
ليلة,night
قادر,able
يدعم,support
سواء,whether
خط,line
حاضر,present
جانب,side
تمامًا,quite
بالرغم من,although
بالتأكيد,sure
شرط,term
الأقل,least
عمر,age
يتكلم,speak
عملية,process
عام,public
غالباً,often
يدرب,train
ممكن,possible
في الحقيقة,actually
بدلاً,rather
منظر,view
معاً,together
يعتبر,consider
سعر,price
الوالد,parent
صعب,hard
حزب,party
محلي,local
يتحكم,control
بالفعل,already
هَم,concern
منتج,product
يخسر,lose
قصة,story
بالكاد,almost
يكمل,continue
يقف,stand
جميع,whole
حتى الآن,yet
معدل,rate
رعاية,care
يتوقع,expect
تأثير,effect
نوع,sort
أبدًا,ever
أي شئ,anything
يسقط,fall
اتفاق,deal
ماء,water
يرسل,send
يسمح,allow
قريباً,soon
يشاهد,watch
قاعدة,base
من المحتمل,probably
يقترح,suggest
ماضي,past
قوة,power
امتحان,test
يزور,visit
مركز,center
ينمو,grow
لا شئ,nothing
يعود,return
الأم,mother
يمشي,walk
موضوع,matter
عقل,mind
قيمة,value
مكتب,office
سِجِلّ,record
يقضي,stay
قف,stop
عديد,several
ضوء,light
يطور,develop
يتذكر,remember
يشارك,share
حقيقي,real
إجابة,answer
يجلس,sit
شكل,figure
خطاب,letter
يقرر,decide
لغة,language
فصل,class
تطوير,development
بلدة,town
نصف,half
دقيقة,minute
طعام,food
استراحة,break
واضح,clear
مستقبل,future
لكل,per
يبقى,remain
قمة,top
ضمن,among
يفوز,win
لون,color
يتضمن,involve
يصل,reach
اجتماعي,social
فترة,period
عير,across
ملحوظة,note
تاريخ,history
يخلق,create
على امتداد,along
صوت,sound
العين,eye
موسيقى,music
لعبة,game
سياسي,political
حر,free
يستلم,receive
لحظة,moment
أُوكَازيُون,sale
سياسة,policy
إضافي,further
جسم,body
يتطلب,require
انتظر,wait
يظهر,appear
نحو,toward
فريق,team
سهل,easy
فردي,individual
ممتلىء,full
أسود,black
حاسة,sense
ربما,perhaps
يضيف,add
يمر,pass
ينتج,produce
يبيع,sell
قصير,short
يوافق,agree
قانون,law
كل شئ,everything
بحث,research
غطاء,cover
ورق,paper
موضع,position
قريب,near
بشر,human
حاسوب,computer
الموقف,situation
طاقم عمل,staff
نشاط,activity
فيلم,film
صباح,morning
حرب,war
حساب,account
محل,shop
رئيسي,major
شخص ما,someone
فوق,above
تصميم,design
حدث,event
خاص,special
أحيانا,sometimes
حالة,condition
يحمل,carry
يختار,choose
أب,father
قرار,decision
طاولة,table
تأكيد,certain
إلى الأمام,forward
يموت,die
دُبٌّ,bear
يقطع,cut
يصف,describe
نفسه,himself
متاح,available
خصوصاً,especially
قوي,strong
يعلو,rise
بنت,girl
مجتمع,community
ينضم,join
لو سمحت,please
التفاصيل,detail
اختلاف,difference
فعل,action
صحة,health
يأكل,eat
خطوة,step
هاتف,phone
أنفسهم,themselves
يرسم,draw
أبيض,white
يمارس,practice
نموذج,model
يرفع,raise
عميل,customer
أمام,front
يشرح,explain
باب,door
الخارج,outside
اقتصادي,economic
موقع,site
يقترب,approach
مدرس,teacher
أرض,land
تكلفة,charge
أخيراً,finally
لافتة,sign
مطالبة,claim
علاقة,relationship
يسافر,travel
يتمتع,enjoy
موت,death
كمية,amount
يحسن,improve
صورة,picture
ولد,boy
اعتبار,regard
منظمة,organization
سعيد,happy
زوج,couple
يمثل,act
يتراوح,range
جودة,quality
مشروع,project
دائري,round
فرصة,opportunity
قائمة,list
يتمنى,wish
يرتدي,wear
تمويل,fund
صناعة,industry
تعليم,education
يقيس,measure
قتل,kill
يخدم,serve
محتمل,likely
وطني,national
نفسها,itself
علم,teach
مجال,field
حماية,security
هواء,air
فائدة,benefit
تجارة,trade
مخاطرة,risk
أخبار,news
معيار,standard
تصويت,vote
في المئة,percent
ركز,focus
منصة,stage
فضاء,space
بدلاً من,instead
يدرك,realize
عادة,usually
بيانات,data
أعزب,single
عنوان,address
أداء,performance
يقبل,accept
تكنولوجيا,technology
يذكر,mention
خيار,choice
شائع,common
ثقافة,culture
المجموع,total
يطلب,demand
مادة,material
حد,limit
يستمع,listen
حق,due
خطأ,wrong
قدم,foot
جهد,effort
انتباه,attention
يفحص,check
مكتمل,complete
كذب,lie
يقلل,reduce
شخصي,personal
أرضي,ground
حيوان,animal
مريض,patient
حاضِر,current
قرن,century
شهادة,evidence
يخرج,exist
مشابه,similar
يعارك,fight
قائد,leader
بخير,fine
شارع,street
سابق,former
اتصال,contact
خصوصًا,particularly
زوجة,wife
رياضة,sport
يناقش,discuss
قطعة,piece
ينهي,finish
يفترض,suppose
يتقدم,apply
رئيس,president
نار,fire
يقارن,compare
محكمة,court
شرطة,police
فقير,poor
معرفة,knowledge
يضحك,laugh
ذراع,arm
قلب,heart
مصدر,source
موظف,employee
يدير,manage
ببساطة,simply
بنك,bank
حازم,firm
خلية,cell
سريع,fast
هجوم,attack
أجنبي,foreign
مفاجأة,surprise
ميزة,feature
عامل,factor
جميل,pretty
حديثاً,recently
يؤثر,affect
مؤخرًا,recent
رسمي,official
مالي,financial
يفتقد,miss
فن,art
حملة,campaign
يوقف,pause
ينسى,forget
صفحة,page
يقلق,worry
صيف,summer
شرب,drink
رأي,opinion
حديقة,park
مفتاح,key
مدير,manager
دولي,international
يحتوي,contain
يلاحظ,notice
يتعجب,wonder
طبيعة,nature
بناء,structure
قسم,section
نفسي,myself
بالضبط,exactly
نبات,plant
طلاء,paint
العامل,worker
يضعط,press
أيا كان,whatever
ضروري,necessary
نمو,growth
مساء,evening
احترام,respect
متنوع,various
هكذا,thus
مهارة,skill
محاولة,attempt
ابن,son
بسيط,simple
واسطة,medium
متوسط,average
مخزون,stock
إدارة,management
شخصية,character
سرير,bed
يضرب,hit
يٌرسّخ,establish
أخير,final
اقتصاد,economy
ملائم,fit
أمس,yesterday
مقاس,size
سلوك,behavior
إضافة,addition
يحدد,determine
محطة,station
سكان,population
يفشل,fail
بيئة,environment
إنتاج,production
عقد,contract
لاعب,player
تعليق,comment
يدخل,enter
وحيد,alone
بارِز,significant
دواء,drug
حائط,wall
مسلسل,series
مباشر,direct
نجاح,success
غداً,tomorrow
مخرج,director
بوضوح,clearly
نقص,lack
مراجعة,review
تعتمد,depend
سباق,race
يتعرف على,recognize
نافذة,window
غاية,purpose
يكسب,gain
شجرة,tree
كلية,college
يجادل,argue
سبورة,board
عطلة,holiday
علامة,mark
كنيسة,church
آلة,machine
يحقق,achieve
غرض,item
يثبت,prove
سنت,cent
موسم,season
أرضية,floor
أشياء,stuff
واسع,wide
أي شخص,anyone
طريقة,method
تحليل,analysis
انتخاب,election
جيش,military
الفندق,hotel
النادي,club
طبيب,doctor
مناقشة,discussion
آسف,sorry
تحدي,challenge
أمة,nation
تقريبا,nearly
إفادة,statement
وصلة,link
يقدم,introduce
مستعد,ready
الزواج,marry
ميل,mile
قدرة,ability
وحدة,unit
بطاقة,card
مستشفى,hospital
بسرعة,quickly
مقابلة,interview
يطلق,release
ضريبة,tax
حل,solution
عاصمة,capital
محدد,specific
يخاف,fear
هدف,aim
تلفزيون,television
جاد,serious
درجة,degree
يحذب,pull
أحمر,red
وصول,access
حركة,movement
يعامل,treat
تعريف,identify
خسارة,loss
حديث,modern
ضغط,pressure
حافلة,bus
علاج,treatment
مؤتمر,conference
نفسك,yourself
إمداد,supply
قرية,village
يستحق,worth
طبيعي,natural
يعبر,express
يشير,indicate
أخ,brother
استثمار,investment
تنظم,organize
رحلة,trip
وَرَاءَ,beyond
ينام,sleep
سمكة,fish
يعد,promise
طاقة,energy
العلاقة,relation
يلمس,touch
ملف,file
وسط,middle
حاجِز,bar
يعاني,suffer
الاستراتيجية,strategy
عميق,deep
يستثني,except
ينظف,clean
ينزع,tend
يملأ,fill
نجم,star
شبكة,network
عمومًا,generally
مباراة,match
يتجنب,avoid
مقعد,seat
يرمي,throw
مهمة,task
شريك,associate
أزرق,blue
إيجابي,positive
صندوق,box
ضخم,huge
رسالة,message
أسلوب,style
يشير إلى,refer
بارد,cold
ربع,quarter
ناجح,successful
يغني,sing
شك,doubt
مسابقة,competition
نظرية,theory
اقترح,propose
مرجع,reference
دعوى,argument
بالغ,adult
سافر,fly
وثيقة,document
نمط,pattern
حار,hot
غير واضح,unclear
فاتورة,bill
يبحث,search
متفرق,separate
مركزي,central
حياة مهنية,career
على أي حال,anyway
كلب,dog
ضابط,officer
طَوَال,throughout
زيت,oil
فستان,dress
ربح,profit
يخمن,guess
هزار,fun
يحمي,protect
الموارد,resource
علوم,science
مرض,disease
توازن,balance
ضرر,damage
أساس,basis
مؤلف,author
أساسي,basic
يشجع,encourage
شعر,hair
ذكر,male
تعمل,operate
يعكس,reflect
مفيد,useful
مطعم,restaurant
دخل,income
ملكية,property
مظلم,dark
يتصور,imagine
تمام,okay
بريد,post
صحيفة,newspaper
يُعرِّف,define
خاتمة,conclusion
عطلة نهاية الأسبوع,weekend
يؤدي,perform
احترافي,professional
مِلكِي,mine
مناظرة,debate
ذاكرة,memory
أخضر,green
أغنية,song
يحافظ على,maintain
ائتمان,credit
جرس,ring
يكتشف,discover
ميت,dead
بعد الظهر,afternoon
يفضل,prefer
يمتد,extend
إمكانية,possibility
اتجاه,direction
منشأة,facility
يوميًا,daily
ملابس,clothes
شاشة,screen
مسار,track
الرقص,dance
بالكامل,completely
أنثى,female
مسؤولية,responsibility
إبداعي,original
أخت,sister
صخر,rock
حلم,dream
ولا,nor
جامعة,university
بسهولة,easily
وكالة,agency
دولار,dollar
يصلح,fix
مُرَشَّح,candidate
وزن,weight
قانوني,legal
عرض,proposal
إصدار,version
محادثة,conversation
جنيه,pound
مجلة,magazine
بحر,sea
في الحال,immediately
مرحباً,welcome
يبتسم,smile
تواصل,communication
تقليدي,traditional
يستبدل,replace
يحكم على,judge
فجأة,suddenly
جيل,generation
تقدير,estimate
مفضل,favorite
صعوبة,difficulty
شراء,purchase
تبادل لاطلاق النار,shoot
يعلن,announce
إلا إذا,unless
مستقل,independent
يوصي,recommend
استطلاع,survey
غالبية,majority
يلزق,stick
ثري,rich
رياح,wind
لا أحد,none
تبادل,exchange
ميزانية,budget
مشهور,famous
دم,blood
حاجز,block
دافيء,warm
عدد,count
مشهد,scene
الكاتب,writer
محتوى,content
يمنع,prevent
آمن,safe
يدعو,invite
مزج,mix
عنصر,element
فعال,effective
صحيح,correct
طبي,medical
يعترف,admit
يهزم,beat
الهاتف,telephone
ينسخ,copy
لجنة,committee
واعي,aware
نصيحة,advice
مقبض,handle
زجاج,glass
محاكمة,trial
راديو,radio
معقد,complex
نص,text
سياق,context
يركب,ride
مباشرة,directly
ثقيل,heavy
يزيل,remove
معدات,equipment
خلاف ذلك,otherwise
تنفيذي,executive
كرسي,chair
غالي,expensive
عينة,sample
يسلم,deliver
فيديو,video
طقس,weather
يجمع,collect
مبدأ,principle
مستقيم,straight
جاذبية,appeal
بشدة,highly
يثق,trust
رائع,wonderful
مستوي,flat
قطعاً,absolutely
تدفق,flow
عدل,fair
مسؤول,responsible
مزرعة,farm
يشنق,hang
سلبي,negative
فرقة,band
نسبي,relative
بديل,alternative
برمجة,software
سفينة,ship
رخيص,cheap
مزدوج,double
يراقب,observe
جملة,sentence
مطبعة,print
تقدم,progress
سرعة,speed
رد,reply
تحويل,transfer
ممتاز,perfect
طفيف,slightly
إجمالي,overall
ينوي,intend
مستخدم,user
يرد,respond
عشاء,dinner
بطيئة,slow
عادي,regular
بدني,physical
منفصل,apart
بدلة,suit
الفيدرالية,federal
يكشف,reveal
نسبة مئوية,percentage
سلام,peace
جريمة,crime
انخفاض,decline
تحذير,warn
مستهلك,consumer
لصالح,favor
جاف,dry
مؤسسة,institution
بقعة,spot
حصان,horse
مؤخراً,eventually
حرارة,heat
يثير,excite
قارئ,reader
أهمية,importance
مسافة,distance
مرشد,guide
منحة,grant
تاكسي,taxi
يٌطعم,feed
ألم,pain
قطاع,sector
يضمن,ensure
إرضاء,satisfy
خبير,expert
موجة,wave
جنوب,south
تَعَب,labor
سطح,surface
مكتبة,library
حافة,edge
مخيم,camp
جمهور,audience
إجراء,procedure
بريد إلكتروني,email
عالمي,global
كفاح,struggle
أعلن,advertise
المحيط,surround
نهر,river
سنوي,annual
تماما,fully
لفافة,roll
الواقع,reality
تصوير,photograph
فنان,artist
صراع,conflict
كامل,entire
حضور,presence
حشد,crowd
ركن,corner
الغاز,gas
يحول,shift
فئة,category
سكرتير,secretary
الدفاع,defense
يطبخ,cook
الانتشار,spread
نووي,nuclear
حجم,scale
سائق,driver
كرة,ball
يبكي,cry
مقدمة,introduction
متطلبات,requirement
شمال,north
يتأكد,confirm
رفض,refuse
ينقل,transport
تظهر,emerge
رسم خريطة,map
مفهوم,concept
جزيرة,island
إصلاح,reform
كرة القدم,football
ينجو,survive
رحلة جوية,flight
غادر,left
يحل,solve
جار,neighbor
خلفية,background
تقنية,technique
مرور,traffic
تحسين,improvement
أداة,tool
عاقبة,consequence
ظرف,circumstance
دخان,smoke
رد فعل,reaction
مطر,rain
مشغول,busy
درس,lesson
مخ,brain
كتلة,mass
مضحك,funny
يساهم,contribute
فشل,failure
جدول,schedule
المتحدث,speaker
قاع,bottom
يتبنى,adopt
جبل,mountain
يضيع,waste
يخفي,hide
زواج,marriage
تذكرة,ticket
وجبة,meal
زميل,colleague
شنطة,bag
يكرر,repeat
متساوي,equal
تعبير,expression
زائد,plus
لأقصى حد,extremely
مالك,owner
طائرة,plane
تجاري,commercial
سيدة,lady
واجب,duty
ثقافي,cultural
يرتب,arrange
مخطط,scheme
قسط,payment
للأسف,unfortunately
مختصر,brief
طائر,bird
يوضح,demonstrate
مساهمة,contribution
يُقَدِّر,appreciate
الفصل,chapter
سر,secret
فيما يبدو,apparently
رواية,novel
الاتحاد,union
يحرق,burn
أولي,initial
سرور,pleasure
اقتراح,suggestion
شديد الأهمية,critical
يجتمع,gather
في الغالب,mostly
البوب,pop
يرغب,desire
يرقي,promote
حالياً,currently
توظيف,employ
شاطئ,beach
جذب,attract
يخطب,engage
ورد,flower
مصيبة,crisis
يستقر,settle
قارب,boat
معجب,fan
مطبخ,kitchen
مرتين,twice
طازج,fresh
تأخير,delay
أمان,safety
مهندس,engineer
هادئ,quiet
تأمين,insurance
ممرضة,nurse
قسمة,divide
طول,length
تحقيق,investigation
طَرد,package
مكان ما,somewhere
يوسع,expand
يقترف,commit
بديهي,obvious
القفز,jump
سلاح,weapon
نسبياً,relatively
يستضيف,host
شتاء,winter
يصرف,district
إطار,tire
ربيع,spring
روح,spirit
غداء,lunch
فِعلي,actual
حمام سباحة,pool
معركة,battle
التقليد,tradition
نقدي,cash
جائزة,award
مدرب,coach
تجربة,experiment
غريب,strange
شفرة,code
تهديد,threat
حادثة,accident
مستحيل,impossible
يُمكَِن,enable
خائف,afraid
نشيط,active
استنتج,conclude
ديني,religious
سرطان,cancer
يقنع,convince
البيئة,environmental
شمس,sun
ينفخ,blow
مقدار,volume
يستثمر,invest
يتابع,proceed
غسل,wash
ممثل,actor
مسرور,glad
شريط,tape
عكس,opposite
حجر,stone
مجموع,sum
جندي,soldier
يكره,hate
بيضة,egg
حفلة موسيقية,concert
صدمة,shock
مريح,comfortable
المعتاد,usual
بعناية,carefully
علية,pack
خمر,wine
آلة تصوير,camera
السباحة,swim
تصنيع,manufacture
مسرح,theater
قهوة,coffee
متحف,museum
زائر,visitor
حرية,freedom
عزيزي,dear
موضوعي,objective
علاوة على ذلك,moreover
تاريخية,historical
يعارض,oppose
فرع,branch
عربة,vehicle
ربط,bind
ينتمي ل,belong
ذوق,taste
الليلة,tonight
موضة,fashion
خطر,danger
قنبلة,bomb
خطير,dangerous
ينقص,decrease
يؤذي,hurt
مجلس,council
محرر,editor
رؤية,sight
يولد,generate
هدية,gift
توصيل,delivery
ينكر,deny
ضيف,guest
غرفة نوم,bedroom
يقتبس,quote
تسلق,climb
أساسًا,basically
عنف,violence
وزير,minister
خاصة,mainly
فم,mouth
ضوضاء,noise
بندقية,gun
مربع,square
مناسبة,occasion
مألوف,familiar
يتجاهل,ignore
تدمير,destroy
شأن,affair
مدني,civil
تحديد موقع,locate
مواطن,citizen
درجة حرارة,temperature
ذهب,gold
حمولة,load
الاعتقاد,belief
القوات,troop
اِصطِلاحِيّ,technical
ترتيب,arrangement
جلد,skin
سجن,prison
يُحوّل,switch
يكتسب,acquire
شركة كبرى,corporate
إلى حد ما,fairly
خشب,wood
قاسٍ,tough
يٌقطِّع,tear
سعة,capacity
حدود,border
هزة,shake
حذاء,shoe
ينبغي,ought
إعلان,ad
مصاريف,fee
قاعة,hall
أنظمة,regulation
يهرب,escape
الاستوديو,studio
سليم,proper
يستريح,relax
السياحة,tourist
يمنح,afford
محامي,lawyer
يشتبه,suspect
كوب,cup
وصف,description
ثقة,confidence
صناعي,industrial
يشتكي,complain
وجهة نظر,perspective
اعتقال,arrest
يٌقيِّم,assess
يسجل,register
أصل,asset
إشارة,signal
إصبع,finger
مناسب,relevant
يستكشف,explore
قيادة,leadership
التزام,commitment
استيقظ,wake
بالضرورة,necessarily
ساطع,bright
ببطء,slowly
رابطة,bond
يؤجر,hire
فتحة,hole
رَابِطَة,tie
داخلي,internal
سلسلة,chain
الأدب,literature
ضحية,victim
يؤمن,secure
دهشة,amaze
جهاز,device
الولادة,birth
غابة,forest
ملصق,label
جذر,root
مصنع,factory
قناة,channel
يفتش,investigate
توصية,recommendation
رتبة,rank
الغرب,west
ودي,friendly
مقيم,resident
رزق,provision
يركز,concentrate
يصدّر,export
بقوة,strongly
كوبري,bridge
تتكون,consist
متخرج,graduate
ماركة,brand
أخلاقي,moral
يصر,insist
مزيج,combination
إساءة,abuse
الجليد,ice
يتقن,master
حصة,session
مع ذلك,nevertheless
يتنبأ,predict
سابقًا,previously
إلى حد كبير,largely
تزوج,wed
إيجار,rent
طلقة,shot
مظهر,appearance
معقول,reasonable
سمة,theme
الحكم,judgment
يعتمد,approve
يُقرض,loan
أَجواء,atmosphere
مزارع,farmer
مقارنة,comparison
خاصية,characteristic
رخصة,license
ضيق,narrow
تنجح,succeed
هوية,identity
بجد,seriously
بري,wild
فارغ,empty
عمولة,commission
فريد,unique
المستثمر,investor
عملي,practical
شاي,tea
محبوب,lovely
ناعم,soft
صف,row
شباب,youth
قفل,lock
وقود,fuel
توقع,expectation
احتفل,celebrate
جنسي,sexual
كتف,shoulder
يتنفس,breath
بشكل متزايد,increasingly
يستورد,import
زجاجة,bottle
أنفسنا,ourselves
ملزمة,sheet
محرك,engine
يقذف,cast
محافظ,conservative
المعارضة,opposition
اِرتِياح,relief
دَين,debt
شرف,honor
حصيلة,outcome
لوم,blame
توضيح,explanation
تنشأ,arise
موسيقي,musical
استرداد,recover
تمتد,stretch
التقاعد,retire
صغير الحجم,tiny
حذر,careful
الفاكهة,fruit
شاهد,witness
رهيب,terrible
الباحث,researcher
اختيار,selection
في أي مكان,anywhere
عقلي,mental
مشارك,participant
سمين,fat
دخول,entry
كيميائية,chemical
يأسر,capture
تخفيض,discount
حَجم,proportion
أذن,ear
يختفي,disappear
يصرخ,shout
ساحة,yard
ثابت,constant
بشكل كبير,significantly
تلة,hill
تعليمات,instruction
ذكاء,intelligence
مثالي,ideal
قوم,folk
قطة,cat
قبلة,kiss
عرض تقديمي,presentation
مشترك,joint
تنافس,compete
ضعيف,weak
إيمان,faith
احتياطي,reserve
شكوى,complaint
التجويف,bore
بطريقة ما,somehow
نغمة,tone
حيّ,neighborhood
راكب,passenger
عدالة,justice
مرحلة,phase
رفيع,thin
يسرع,rush
رَسمِيّ,formal
دِين,religion
صاحب العمل,employer
يرفض,reject
طبق,plate
حظر,ban
يسرق,steal
يعترض,protest
فِهرِس,index
حزين,sad
مرارًا,frequently
دائرة,circle
متعاون,helpful
يأمر,command
جذاب,attractive
انطباع,impression
غير قادر,unable
نكتة,joke
سماء,sky
عمود,column
إلكتروني,electronic
فرض,impose
مجرم,criminal
بجانب,besides
على وجه صحيح,properly
عتيق,ancient
ساحل,coast
ركلة,kick
عن كثب,closely
أَثْمَر,yield
عبر,via
تشريع,legislation
مقاطعة,county
على عكس,unlike
متحرك,mobile
مساعد,assistant
ينفذ,implement
نعلق,attach
جحيم,hell
في كل مكان,everywhere
ينصح,advise
أُسرَة,household
يُقرّ,acknowledge
شرق,east
قبعة,hat
أكاديمي,academic
الناخب,voter
في أثناء,meanwhile
بالإضافة إلى,furthermore
اتهام,accuse
علمي,scientific
الأجر,wage
غياب,absence
ملاحظة,remark
الدواء,medicine
أستاذ,professor
نادر,rare
نيّة,intention
دزينة,dozen
مستعمرة,settlement
فجوة,gap
على نطاق واسع,widely
الحد الأدنى,minimum
شمالي,northern
عقار,estate
بالتساوي,equally
يفضح,expose
على قيد الحياة,alive
أغلق,shut
انتصار,victory
الناقد,critic
حلو,sweet
دائم,permanent
العاطفة,emotion
يتحرى,pursue
يحث,urge
العدو,enemy
لبن,milk
الموهبة,talent
يشم,smell
أولوية,priority
متصل,online
عبارة,phrase
طيار,pilot
مستقر,stable
مُجَرّد,merely
دقة,resolution
يتواصل,communicate
إصابة,injury
معرض,exhibition
إقليمية,regional
طفولة,childhood
مسودة,draft
ينزلق,slip
يرافق,accompany
غاضب,angry
طرق,knock
البذور,seed
مرتب,salary
يعني,imply
إفطار,breakfast
مؤقت,temporary
ليبرالي,liberal
بحيرة,lake
تأهل,qualify
تنافسي,competitive
حقا,truly
أهلاً,hi
أصفر,yellow
القرص,disk
جوهر,core
عاطفي,emotional
الذات,self
معدن,metal
وجود,existence
العظام,bone
لوحة,panel
برايم,prime
ميعاد,appointment
يؤكد,emphasize
الحد الأقصى,maximum
بفعالية,effectively
في مكان آخر,elsewhere
يزعج,bother
مبادرة,initiative
حاد,sharp
نظام عذائي,diet
رمادي,gray
البلاستيك,plastic
معقدة,complicate
تأديب,discipline
خيبة أمل,disappoint
افتراض,assumption
تجميد,freeze
أقصى,extreme
ممر,passage
سمعة,reputation
راب,forth
التفاوض,negotiation
آلية,mechanism
معطف,coat
ديمقراطية,democracy
جيب,pocket
محظوظ,lucky
يتحطم,crash
لحمة,meat
تركيز,concentration
المعنى الضمني,implication
غير عادي,unusual
كلاسيكي,classic
ملِك,king
تفاعل,interaction
بصلح,repair
ينهار,collapse
يستعير,borrow
في الخارج,abroad
هزيمة,defeat
الرئاسة,presidential
فخور,proud
طارئ,emergency
تعليمية,educational
يميز,distinguish
جوهري,substantial
الشركة المصنعة,manufacturer
شريحة,slide
قيّم,valuable
شخصيا,personally
يَتَصدَّى,cope
تقريبًا,approximately
إقامة,accommodation
تسليط الضوء,highlight
مراسل,reporter
مناخ,climate
قميص,shirt
استثناء,exception
مؤسَّسة,corporation
رقاقة,chip
الفائز,winner
بني,brown
عذر,excuse
جزئيا,partly
تنس,tennis
حضري,urban
الخلط,confuse
الجنوب,southern
الإخراج,output
جمال,beauty
جَسِيم,massive
ثَبَّتَ,install
الماوس,mouse
الرياضيات,mathematics
العلوي,upper
الخلق,creation
احتل,occupy
تحديث,update
حظ,luck
ينقسم,split
يتأرجح,swing
الصحفي,journalist
أصلا,originally
جانبا,aside
راحة,comfort
ثانيًا,secondly
شديد,severe
الجين,gene
احتمال,prospect
الثلج,snow
حبكة,plot
رقبة,neck
معايير,criteria
في المقام الأول,primarily
دمج,integrate
نقد,criticism
رهان,bet
يحتفظ,retain
تسلسل,sequence
متطوع,volunteer
ريفي,rural
يتخلى عن,abandon
فحص,examination
الصمت,silence
ثورة,revolution
فرحة,delight
يتهجى,spell
فرضية,premise
نحيف,lean
دراماتيكي,dramatic
تختلف,differ
شاكر,grateful
بروتين,protein
دراجة,bike
توزيع,distribute
مفكر,intellectual
اشتق,derive
البطالة,unemployment
عجلة,wheel
اقتصاص,crop
الأقلية,minority
تفسير,interpretation
جنتلمان,gentleman
دراما,drama
منظر جمالي,landscape
تثقيف,educate
عيب,fault
مطاردة,hunt
عاصفة,storm
سميك,thick
إنجاز,achievement
السيطرة,dominate
مزود,supplier
نظير,peer
مَعاش,pension
الجناح,wing
اكتساب,acquisition
ضحك,laughter
بعمق,deeply
تعرُّف,recognition
كهرباء,electricity
مساعدة,assistance
سَطح,roof
على التوالى,respectively
تفاوت,variation
أخيرًا,ultimately
دليل,proof
تربة,soil
ذكي,smart
طبقة,layer
منزعج,upset
الأسنان,tooth
التمثيل,representation
تحضير,preparation
ينازع,dispute
جدول أعمال,agenda
توكيد,emphasis
طبعة,edition
فضي,silver
ترفيه,entertainment
أمين,honest
تعهد,undertake
بيع بالتجزئة,retail
سلك,wire
من غير المرجح,unlikely
النشر,publication
مجهول,unknown
نطاق,framework
يقيد,restrict
يتعقب,trace
بوصة,inch
مقابل,equivalent
صلب,solid
مَشرُوع,enterprise
يدين,owe
زي مُوحد,uniform
ميناء,port
معاصر,contemporary
بوابة,gate
يُسَهّل,ease
متخصص,specialist
تأكد,assure
حساب تعريفي,profile
مزاج,mood
حلقة,episode
كسر,crack
يُقدِّم,submit
أعراض,symptom
افتراضيًا,virtually
عصر,era
التغطية,coverage
توتر,tension
كابل,cable
حساس,sensitive
متوتر,nervous
مدخل,input
عزل,isolate
سجين,prisoner
اِسْتَبْعَد,eliminate
مبتل,wet
ثانوي,secondary
تجنيد,recruit
استبعاد,exclude
خيط,string
سحاب,cloud
يلهم,inspire
كبرى,grand
طاقم,crew
ظاهرة,phenomenon
تلميذ,pupil
خطأ شنيع,FALSE
يعيد,restore
صيغة,formula
تغيير,alter
روتين,routine
حوض,sink
التحديق,stare
بعد الآن,anymore
بطل,hero
مؤيد,supporter
يتحول,convert
متر,meter
شاحنة,truck
أنف,nose
الشراع,sail
كارثة,disaster
تكريس,devote
إرهابي,terrorist
يبرر,justify
حيوي,vital
فتن,fascinate
خارجي,external
حينما,whenever
مذنب,guilty
تحتلي,underlie
أم,mom
امتياز,distinction
إشباع,satisfaction
أَدْخَل,incorporate
صب,pour
اكتساح,sweep
سيد,sir
يقيم,evaluate
الغضب,anger
حانة,pub
تصور,perception
بطبيعة الحال,naturally
عملة,currency
قاعدة البيانات,database
بدءًا,initially
إِقلِيم,territory
نادرًا,rarely
ارتفاع,height
الغربي,western
توسع,expansion
باستمرار,constantly
العضلات,muscle
تخويف,scare
كل يوم,everyday
الحدود,boundary
نسبة,ratio
مقال,essay
ينسحب,withdraw
تلوث,pollution
اضطراب,disorder
أثاث,furniture
رمز,symbol
شقة,apartment
المحلل,analyst
فُولاَذ,steel
كعكة,cake
تحول,transform
جرح,wound
تقييد,restriction
مصمم,designer
أَضْنَى,strain
ابتكار,innovation
الألبوم,album
مغني,singer
أثر,trail
فخ,trap
مرتخي,loose
امتداد,extension
ثروة,wealth
تدريجياً,gradually
صهريج,tank
شر,evil
مميز,remarkable
لحن,tune
عشب,grass
دعوة,invitation
انتقال,transition
تخيف,frighten
مُنَاقَصَة,bid
تكاثر,breed
نادِر,extraordinary
باهِر,brilliant
مستشار,adviser
ينبع,stem
وضع,mode
مرآة,mirror
مريع,awful
أَثَار,pose
يُعدِّل,adjust
مبدع,creative
في الوقت الحاضر,nowadays
قصيدة,poem
الزراعة,agricultural
منافس,competitor
الكحول,alcohol
مهرجان,festival
الخضار,vegetable
واثق,confident
كوكب,planet
منحنى,curve
ركبة,knee
يغلب,overcome
الويب,web
عمق,depth
سجل,log
عملاق,giant
الله,God
شاسِع,extensive
يفسر,interpret
استقلال,independence
سكر,sugar
استشارة,consult
لون القرنفل,pink
الظل,shadow
يجرد,strip
سلس,smooth
تدخل,intervention
إقناع,impress
نائب,vice
متطرف,radical
بصورة مماثلة,similarly
تتصرف,behave
البعد,dimension
تالي,subsequent
عدوى,infection
سترة,jacket
كفاءة,efficiency
متسخ,dirty
إحصائية,statistic
بانتظام,regularly
ملجأ,resort
حديد,iron
إذاعة,broadcast
عضوية,membership
خبز,bread
أعمى,blind
نقي,pure
حليف,ally
يلوي,bend
ناضجة,mature
باختصار,briefly
التنبيه,alarm
حَافَظ على,sustain
فيضان,flood
فقر,poverty
مجنون,crazy
استشهد,cite
حديثا,newly
موازي,parallel
جنس,gender
راعي,sponsor
التمهيد,boot
دقيق,accurate
تاجر,dealer
زر,button
حرج,burden
صحراء,desert
رَفِيق,mate
أحياناً,occasionally
المساهم,shareholder
صَحن,bowl
اكتشاف,discovery
مقاومة,resistance
حمام,bath
تكرار,frequency
انتقد,criticize
فلسفة,philosophy
شفة,lip
يعتذر,apologize
موافقة,approval
أعار,lend
المشاركة,involvement
التعرض,exposure
رقمي,digital
يترجم,translate
يحرر,edit
تشكيل,formation
إيداع,deposit
جَذّاب,pleasant
يدافع عن,advocate
إنشاء,establishment
ملخص,summary
خشن,rough
قلم,pen
استعادة,recovery
ختم,seal
أنبوب,tube
برج,tower
حدد,specify
يلف,spin
المشغل,operator
الرضيع,infant
حفر,dig
يجر,drag
طَوّق,wrap
متكل,dependent
زاوية,angle
فرخة,chicken
قلق,anxiety
فايروس,virus
بدقة,precisely
منافسة,rival
مراهق,teenager
يُعجَب ب,admire
معتدل,moderate
جراحة,surgery
دلالة,significance
دش,shower
غير قانوني,illegal
صدقة,charity
سيجارة,cigarette
تشكل,constitute
مؤرخ,historian
ابن عم,cousin
مرئي,visual
غبي,stupid
حريص,keen
عرقية,ethnic
التوأم,twin
سريري,clinical
الشرقية,eastern
تنبؤ بالمناخ,forecast
مخصص,custom
يتكيف,adapt
رمل,sand
كاب,cap
اِسْتَدْعَى,prompt
سحر,charm
محاضرة,lecture
يغامر,venture
مُجَمَّع,compound
ينقذ,rescue
فوضى,mess
التفضيل,preference
شامل,comprehensive
حافز,incentive
دوري,league
مربع الحوار,dialog
كريم,cream
يلغي,cancel
يندم,regret
هامِش,margin
أسفل,beneath
الخصم,opponent
يقاوم,resist
القدرة,capability
مطلق,absolute
يتوافق,correspond
سكتة دماغية,stroke
يجرؤ,dare
يتخلص,rid
الطلاق,divorce
يخرب,ruin
دفن,bury
نزعة,tendency
متكرر,frequent
بقاء,survival
عداد,counter
يمتلك,possess
إذن,permission
الوادي,valley
يطفو,float
كثيرا,greatly
كهربائي,electric
بديع,impressive
تطور,evolution
وعي,awareness
عنيف,violent
عبد,slave
بنيان,architecture
مقبول,acceptable
الفحم,coal
قياس,measurement
عشوائي,random
بنجاح,successfully
خفض,depress
ينفجر,burst
المشتري,buyer
السكك الحديدية,rail
تحفيز,motivate
معمل,laboratory
القرض العقاري,mortgage
ترقية,promotion
عاطفة,passion
بكمل,fulfill
تراب,dust
جيبة,skirt
تقييم,evaluation
مساومة,compromise
ينجز,accomplish
ضعف,weakness
ملح,salt
يلمح,glance
الأوبرا,opera
فرشاة,brush
وراثي,genetic
صدر,chest
الأدبي,literary
يعتنق,embrace
مدح,praise
صامت,silent
مضخة,pump
الناشر,publisher
احتفال,celebration
الجولف,golf
تعويض,compensation
العجز,deficit
فلاش,flash
الصداقة,friendship
مهنة,profession
حرفياً,literally
معادلة,equation
إيماءة,gesture
تضخم اقتصادي,inflation
مُعَالَجَة,therapy
البرتقالي,orange
الموظفين,personnel
لا أوافق,disagree
حُلقُوم,throat
بصيرة,insight
يتصدى,tackle
للأبد,forever
يزيد عن,exceed
الإنفاق,expenditure
مرح,joy
موثوق,reliable
العتاد,gear
انقر,click
شاعر,poet
كومة,pile
خنزير,pig
خليط,mixture
تلقائيا,automatically
باحث,scholar
نفسية,psychological
مخلوق,creature
شراكة,partnership
مشاركة,participation
بند,clause
جزاء,penalty
باهِظ,fancy
شِعر,poetry
من أجل,sake
الرف,shelf
يعزز,boost
ذيل,tail
تملُّك,possession
إجهاض,abortion
فضولي,curious
خشبي,wooden
طفرة,boom
حكاية,tale
صيانة,maintenance
بالتالي,consequently
وعاء,pot
بقرة,cow
تعزز,strengthen
القيد,constraint
طية,fold
بن,bin
الخضوع,undergo
نِطَاق,scope
يدّعي,pretend
تنوع,diversity
يزعم,allege
فخر,pride
استقال,resign
حرفة,craft
أسمنت,concrete
صدَفَة,shell
متميز,distinct
مزاح,humor
قيود,limitation
استقرار,stability
حكيم,wise
أهمل,neglect
تأليف,compose
مَأوىً,shelter
مجرد,mere
الكربون,carbon
تنظيم,regulate
الجبن,cheese
مشغل,trigger
ماسورة,pipe
دمار,destruction
غيتار,guitar
علَم,flag
بيانو,piano
أُحجِيَّة,mystery
تزلج,ski
يهمس,whisper
مؤخرة,rear
قائمة طعام,menu
صِنف,species
قمر,moon
من المفترض,presumably
يبارك,bless
شركة طيران,airline
تعديل,amendment
جدة,grandmother
هيئة المحلفين,jury
تعاون,cooperation
يغض النظر,regardless
مسح,scan
حزمة,bunch
عنصري,racial
تحية,greet
أملاً,hopefully
العقوبة,sanction
حيلة,trick
فقرة,paragraph
صانع,maker
الشوكولاتة,chocolate
يحفز,stimulate
حزام,belt
البطاطس,potato
منديل,tissue
اختراع,invent
المحترف,pro
درج,stair
يتردد,hesitate
يشرق,shine
رومانسي,romantic
بحزم,firmly
الداخلية,interior
معدة,stomach
لا مكان,nowhere
يصلي,pray
بطولة,championship
خادم,servant
مهاجر,immigrant
إفراط,excess
تعقيد,complexity
مسئولية قانونية,liability
من المثير للدهشة,surprisingly
يستخرج,extract
تطبيق,implementation
تحيز,bias
بشكل مختلف,differently
كتالوج,catalog
مستمر,continuous
ذهبي,golden
المبدأ التوجيهي,guideline
سكين,knife
بيولوجي,biological
تستهلك,consume
رفاهية,luxury
أسبوعي,weekly
أينما,wherever
يعض,bite
طابعة,printer
مفامرة,adventure
سور,fence
العادم,exhaust
محيط,ocean
بهدوء,quietly
قلعة,castle
محارب قديم,veteran
انعكاس,reflection
العصب,nerve
عزيمة,determination
خيالي,fiction
السجاد,carpet
تَجَمَّع,cluster
ارتباك,confusion
عجل,hurry
منطق,logic
جدلي,controversial
خام,raw
قواعد,grammar
يراجع,revise
تَلمِيح,hint
خطاف,hook
سائل,liquid
ذعر,panic
عم,uncle
أرز,rice
منحدر,slope
سعادة,happiness
أصيل,genuine
إناء,vessel
الفعل,verb
احسب,reckon
سخيف,silly
مواصلات,transportation
كوميديا,comedy
يطارد,chase
تخزين,storage
الكون,universe
فظيع,horrible
غنم,sheep
عاشق,lover
فأر,rat
لَوحَة,portrait
البريء,innocent
ملحق,supplement
فلتر,filter
مرن,flexible
خلاصة,abstract
خيمة,tent
قمح,grain
لخص,summarize
فرقعة,snap
ريبة,uncertainty
يُقسم,swear
لاجئ,refugee
شهريا,monthly
تضم,comprise
ضجة,stir
الإثارة,excitement
تنهد,sigh
الحمل,pregnancy
تجريبي,experimental
المؤسسية,institutional
تجول,wander
إمبراطورية,empire
تبعًا,subsequently
لطيف,gentle
مؤهل,qualification
وظيفية,functional
تطوعية,voluntary
باهت,pale
بقع,stain
رياضي,athlete
عضوي,organic
لسان,tongue
الخادم,server
الهيكلية,structural
موقع إلكتروني,website
أحمق,fool
إلى جانب,alongside
توحد,unite
بلطف,gently
يمسح,wipe
نظرة,gaze
سعال,cough
الملكي,royal
ستارة,curtain
عمدة,mayor
الظلام,darkness
عمة,aunt
البطولة,tournament
تسجيل,registration
المستمع,listener
الهجرة,immigration
ليّن,tender
كثافة,density
قبيح,ugly
الوحدة النمطية,module
بأمانة,faithfully
خريف,autumn
خدّ,cheek
مرفق,attachment
حامل,holder
الطاقة الشمسية,solar
ابتسامة,grin
وَردَة,rose
على ما يرام,alright
كسول,lazy
مرحبًا,hello
الجوع,hunger
خجلان,ashamed
وجد,found
مدونة,blog
العطش,thirst
